Time,Area,Mean,Mode,Min,Max,Perim.,Circ.,Feret,IntDen,RawIntDen,Slice,FeretX,FeretY,FeretAngle,MinFeret,AR,Round,Solidity
1,0.004,465.000,465,465,465,0.184,1.000,0.092,1.965,465,23,5,5,135.000,0.065,1.000,1.000,1.000
2,0.004,455.000,455,455,455,0.184,1.000,0.092,1.922,455,24,5,5,135.000,0.065,1.000,1.000,1.000
3,0.004,479.000,479,479,479,0.184,1.000,0.092,2.024,479,25,5,5,135.000,0.065,1.000,1.000,1.000
4,0.004,381.000,381,381,381,0.184,1.000,0.092,1.610,381,26,5,5,135.000,0.065,1.000,1.000,1.000
5,0.008,419.000,403,403,435,0.276,1.000,0.145,3.541,838,27,4,5,153.435,0.065,2.000,0.500,1.000
6,0.013,453.000,393,393,542,0.368,1.000,0.184,5.742,1359,28,4,5,135.000,0.130,1.464,0.683,0.857
7,0.008,486.000,432,432,540,0.276,1.000,0.145,4.107,972,29,4,5,153.435,0.065,2.000,0.500,1.000
8,0.008,424.000,381,381,467,0.314,1.000,0.145,3.583,848,30,5,5,116.565,0.065,2.000,0.500,1.000
9,0.008,433.000,384,384,482,0.314,1.000,0.145,3.659,866,31,5,5,116.565,0.065,2.000,0.500,1.000
10,0.008,507.000,497,497,517,0.276,1.000,0.145,4.284,1014,32,4,5,153.435,0.065,2.000,0.500,1.000
11,0.008,446.000,417,417,475,0.276,1.000,0.145,3.769,892,33,4,5,153.435,0.065,2.000,0.500,1.000
12,0.008,400.500,394,394,407,0.276,1.000,0.145,3.384,801,34,4,5,153.435,0.065,2.000,0.500,1.000
13,0.013,490.000,407,407,618,0.368,1.000,0.184,6.211,1470,35,5,7,45.000,0.130,1.464,0.683,0.857
14,0.013,454.000,424,424,496,0.368,1.000,0.184,5.754,1362,36,4,5,135.000,0.130,1.464,0.683,0.857
15,0.025,501.667,405,405,660,0.552,1.000,0.234,12.717,3010,37,4,7,33.690,0.184,1.291,0.775,0.800
16,0.030,516.143,420,420,695,0.552,1.000,0.276,15.265,3613,38,4,7,45.000,0.184,1.596,0.626,0.875
17,0.025,521.500,390,390,662,0.552,1.000,0.234,13.220,3129,39,4,7,33.690,0.184,1.291,0.775,0.800
18,0.025,537.000,414,414,718,0.552,1.000,0.234,13.613,3222,40,4,7,33.690,0.184,1.291,0.775,0.800
19,0.025,495.000,391,391,600,0.498,1.000,0.234,12.548,2970,41,4,5,146.310,0.130,1.500,0.667,1.000
20,0.034,493.000,377,377,714,0.590,1.000,0.276,16.663,3944,42,4,7,45.000,0.195,1.229,0.814,0.941
21,0.025,531.833,420,420,674,0.498,1.000,0.234,13.482,3191,43,4,4,123.690,0.130,1.500,0.667,1.000
22,0.025,525.500,405,405,690,0.498,1.000,0.234,13.321,3153,44,4,5,146.310,0.130,1.500,0.667,1.000
23,0.017,505.500,456,456,537,0.368,1.000,0.184,8.543,2022,45,4,5,135.000,0.130,1.000,1.000,1.000
24,0.034,596.125,386,386,911,0.590,1.000,0.276,20.149,4769,46,4,4,135.000,0.195,1.229,0.814,0.941
25,0.025,630.167,460,460,924,0.552,1.000,0.234,15.975,3781,47,4,7,33.690,0.184,1.291,0.775,0.800
26,0.030,695.714,438,438,1053,0.552,1.000,0.234,20.576,4870,48,4,4,123.690,0.195,1.069,0.936,0.875
27,0.038,565.444,392,392,788,0.720,0.923,0.325,21.501,5089,49,3,7,36.870,0.195,1.539,0.650,0.900
28,0.034,648.000,395,395,913,0.590,1.000,0.276,21.902,5184,50,4,4,135.000,0.195,1.229,0.814,0.941
29,0.034,530.875,467,419,673,0.643,1.000,0.268,17.944,4247,51,3,5,165.964,0.195,1.195,0.837,0.800
30,0.038,587.889,437,437,809,0.628,1.000,0.276,22.354,5291,52,4,4,135.000,0.195,1.000,1.000,1.000
31,0.034,628.625,453,453,848,0.643,1.000,0.268,21.248,5029,53,3,5,165.964,0.195,1.195,0.837,0.800
32,0.030,587.857,428,428,777,0.590,1.000,0.234,17.386,4115,54,4,4,123.690,0.195,1.069,0.936,0.875
33,0.038,516.667,408,408,693,0.682,1.000,0.291,19.646,4650,55,3,5,153.435,0.195,1.340,0.746,0.857
34,0.030,640.000,388,388,854,0.590,1.000,0.276,18.928,4480,56,4,4,135.000,0.195,1.380,0.725,0.875
35,0.042,560.500,388,388,753,0.682,1.000,0.291,23.681,5605,57,3,5,153.435,0.195,1.384,0.723,0.909
36,0.038,605.222,408,408,787,0.682,1.000,0.291,23.014,5447,58,3,5,153.435,0.195,1.340,0.746,0.857
37,0.046,512.000,380,380,669,0.735,1.000,0.291,23.795,5632,59,4,4,116.565,0.260,1.139,0.878,0.815
38,0.046,535.455,401,401,682,0.720,1.000,0.325,24.885,5890,60,3,7,36.870,0.195,1.372,0.729,0.957
39,0.046,598.727,433,433,839,0.720,1.000,0.325,27.826,6586,61,3,7,36.870,0.195,1.372,0.729,0.957
40,0.042,683.200,374,374,1072,0.720,1.000,0.291,28.865,6832,62,4,4,116.565,0.195,1.236,0.809,0.909
41,0.046,541.909,379,379,774,0.735,1.000,0.291,25.185,5961,63,4,4,116.565,0.260,1.139,0.878,0.815
42,0.038,659.444,406,406,914,0.682,1.000,0.291,25.075,5935,64,3,5,153.435,0.195,1.340,0.746,0.857
43,0.034,579.625,431,431,802,0.590,1.000,0.276,19.591,4637,65,4,7,45.000,0.195,1.229,0.814,0.941
44,0.042,529.500,405,405,778,0.682,1.000,0.291,22.371,5295,66,4,4,116.565,0.195,1.327,0.753,0.909
45,0.042,582.000,379,379,858,0.773,0.887,0.325,24.590,5820,67,3,7,36.870,0.230,1.587,0.630,0.800
46,0.046,573.636,374,374,788,0.773,0.976,0.291,26.660,6310,68,4,4,116.565,0.260,1.035,0.966,0.846
47,0.042,519.800,405,405,602,0.720,1.000,0.291,21.962,5198,69,3,5,153.435,0.195,1.236,0.809,0.909
48,0.042,677.400,416,416,1080,0.682,1.000,0.325,28.620,6774,70,3,7,36.870,0.195,1.551,0.645,0.909
49,0.042,644.300,414,414,1023,0.720,1.000,0.291,27.222,6443,71,3,5,153.435,0.195,1.236,0.809,0.909
50,0.051,602.167,380,380,858,0.773,1.000,0.325,30.530,7226,72,3,7,36.870,0.260,1.135,0.881,0.857
51,0.059,608.500,411,411,815,0.812,1.000,0.325,35.993,8519,73,4,4,126.870,0.260,1.020,0.981,0.933
52,0.055,671.462,618,376,1053,0.773,1.000,0.325,36.880,8729,74,3,7,36.870,0.260,1.159,0.863,0.897
53,0.055,607.923,466,466,803,0.773,1.000,0.325,33.390,7903,75,3,7,36.870,0.260,1.159,0.863,0.897
54,0.051,640.583,394,394,923,0.812,0.967,0.325,32.478,7687,76,3,7,36.870,0.260,1.218,0.821,0.889
55,0.055,601.231,460,431,869,0.773,1.000,0.325,33.023,7816.000,77,3,7,36.870,0.260,1.159,0.863,0.897
56,0.059,607.143,434,392,949,0.865,0.993,0.350,35.913,8500,78,4,8,68.199,0.260,1.264,0.791,0.848
57,0.051,611.750,751,376,895,0.773,1.000,0.325,31.016,7341,79,3,7,36.870,0.260,1.281,0.780,0.857
58,0.055,681.385,434,434,1053,0.773,1.000,0.325,37.425,8858,80,3,7,36.870,0.260,1.159,0.863,0.897
59,0.055,664.923,481,481,937,0.773,1.000,0.325,36.521,8644,81,3,7,36.870,0.260,1.159,0.863,0.897
60,0.046,598.545,383,383,862,0.735,1.000,0.291,27.817,6584,82,4,4,116.565,0.260,1.139,0.878,0.815
61,0.051,597.167,384,384,922,0.758,1.000,0.325,30.276,7166,83,3,4,143.130,0.195,1.333,0.750,1.000
62,0.055,632.769,443,443,839,0.773,1.000,0.325,34.755,8226,84,3,7,36.870,0.260,1.159,0.863,0.897
63,0.055,680.538,408,408,1122,0.773,1.000,0.325,37.379,8847,85,3,7,36.870,0.260,1.159,0.863,0.897
64,0.059,703.929,389,389,1109,0.812,1.000,0.368,41.637,9855,86,3,8,45.000,0.260,1.319,0.758,0.933
65,0.063,660.000,395,395,925,0.865,1.000,0.350,41.828,9900,87,4,8,68.199,0.260,1.127,0.887,0.857
66,0.059,660.429,416,416,1059,0.812,1.000,0.325,39.064,9246,88,3,4,126.870,0.260,1.020,0.981,0.933
67,0.059,671.643,396,396,890,0.812,1.000,0.325,39.728,9403,89,3,4,126.870,0.260,1.020,0.981,0.933
68,0.059,704.643,378,378,1152,0.812,1.000,0.368,41.680,9865,90,3,8,45.000,0.260,1.319,0.758,0.933
69,0.059,758.000,441,441,1207,0.865,0.993,0.350,44.836,10612,91,4,8,68.199,0.260,1.264,0.791,0.848
70,0.059,700.571,419,419,1040,0.812,1.000,0.325,41.439,9808,92,4,4,126.870,0.260,1.020,0.981,0.933
71,0.055,670.000,445,445,980,0.773,1.000,0.325,36.800,8710,93,3,7,36.870,0.260,1.159,0.863,0.897
72,0.059,762.071,508,508,1075,0.812,1.000,0.325,45.077,10669,94,4,4,126.870,0.260,1.020,0.981,0.933
73,0.068,733.375,378,378,1127,0.957,0.927,0.350,49.576,11734,95,5,3,111.801,0.320,1.076,0.929,0.821
74,0.068,717.562,425,391,1119,0.903,1.000,0.368,48.507,11481,96,3,4,135.000,0.260,1.150,0.869,0.889
75,0.076,746.167,411,411,1185,0.957,1.000,0.379,56.746,13431,97,4,3,120.964,0.322,1.130,0.885,0.857
76,0.085,662.300,705,447,849,0.995,1.000,0.379,55.964,13246,98,4,3,120.964,0.325,1.083,0.923,0.889
77,0.080,645.895,375,375,1001,0.957,1.000,0.379,51.849,12272.000,99,3,4,149.036,0.325,1.121,0.892,0.864
78,0.076,688.056,386,386,1058,0.957,1.000,0.416,52.327,12385,100,3,8,38.660,0.320,1.314,0.761,0.857
79,0.063,766.267,404,404,1232,0.865,1.000,0.350,48.562,11494,101,4,3,111.801,0.260,1.295,0.772,0.857
80,0.080,712.316,409,409,1130,0.995,1.000,0.416,57.181,13534,102,3,8,38.660,0.320,1.391,0.719,0.884
81,0.085,709.300,376,376,969,0.995,1.000,0.379,59.936,14186,103,3,4,149.036,0.325,1.083,0.923,0.889
82,0.068,758.500,376,376,1315,0.903,1.000,0.379,51.275,12136,104,3,4,149.036,0.260,1.234,0.810,0.889
83,0.080,754.421,893,389,1185,0.995,1.000,0.379,60.561,14334,105,4,3,120.964,0.325,1.083,0.923,0.884
84,0.080,698.053,695,377,1064,0.995,1.000,0.379,56.036,13263,106,3,7,30.964,0.325,1.139,0.878,0.864
85,0.085,684.650,449,409,980,1.033,0.994,0.416,57.853,13693,107,3,8,51.340,0.325,1.165,0.858,0.889
86,0.080,719.947,400,378,1339,0.995,1.000,0.416,57.794,13679,108,3,8,51.340,0.322,1.244,0.804,0.884
87,0.080,763.211,388,388,1166,0.995,1.000,0.379,61.267,14501,109,3,4,149.036,0.325,1.083,0.923,0.884
88,0.076,724.889,390,390,1032,0.995,0.965,0.416,55.128,13048,110,3,8,51.340,0.320,1.314,0.761,0.857
89,0.089,701.762,376,376,1179,1.087,0.943,0.436,62.264,14737.000,111,4,9,63.435,0.325,1.154,0.867,0.840
90,0.093,720.500,378,378,1167,1.087,0.988,0.436,66.970,15851,112,4,9,63.435,0.325,1.345,0.744,0.863
91,0.093,736.864,380,380,1211,1.033,1.000,0.416,68.491,16211,113,3,8,38.660,0.325,1.101,0.908,0.936
92,0.085,713.650,379,379,1298,0.995,1.000,0.379,60.303,14273,114,3,4,149.036,0.325,1.083,0.923,0.889
93,0.072,727.471,417,417,1238,0.995,0.911,0.379,52.251,12367,115,3,8,30.964,0.320,1.194,0.838,0.850
94,0.085,728.300,381,381,1155,1.049,0.965,0.411,61.541,14566,116,4,9,71.565,0.325,1.079,0.927,0.833
95,0.089,761.095,386,386,1227,1.049,1.000,0.436,67.528,15983,117,4,9,63.435,0.322,1.318,0.759,0.857
96,0.063,760.800,414,414,1197,0.903,0.976,0.350,48.216,11412,118,5,3,111.801,0.260,1.186,0.843,0.882
97,0.085,732.300,386,386,1194,0.995,1.000,0.379,61.879,14646,119,4,3,120.964,0.325,1.083,0.923,0.889
98,0.059,938.571,486,486,1692,0.812,1.000,0.325,55.517,13140,120,4,4,126.870,0.260,1.020,0.981,0.933
99,0.101,684.958,374,374,1023,1.087,1.000,0.436,69.455,16439,121,4,9,63.435,0.325,1.222,0.818,0.906
100,0.076,752.222,434,434,989,0.995,0.965,0.379,57.206,13540,122,3,8,30.964,0.322,1.137,0.879,0.878
101,0.093,760.409,382,382,1144,1.033,1.000,0.416,70.680,16729,123,3,8,38.660,0.325,1.101,0.908,0.936
102,0.085,680.600,374,374,960,0.995,1.000,0.416,57.511,13612,124,3,8,38.660,0.325,1.165,0.858,0.889
103,0.089,725.810,392,392,1166,1.033,1.000,0.416,64.397,15242,125,3,8,38.660,0.325,1.182,0.846,0.913
104,0.076,694.056,396,396,1106,0.957,1.000,0.416,52.783,12493,126,3,8,38.660,0.276,1.532,0.653,0.878
105,0.089,748.762,948,385,1325,1.049,1.000,0.436,66.434,15724.000,127,4,9,63.435,0.320,1.465,0.683,0.857
106,0.093,995.091,389,389,1581,1.087,0.988,0.416,92.494,21892,128,3,8,38.660,0.325,1.156,0.865,0.863
107,0.085,825.150,424,389,1700,1.049,0.965,0.411,69.725,16503,129,5,9,71.565,0.322,1.203,0.831,0.851
108,0.085,923.600,1161,431,1412,0.995,1.000,0.379,78.044,18472,130,4,3,120.964,0.325,1.038,0.963,0.909
109,0.080,851.895,390,390,1583,0.995,1.000,0.416,68.386,16186.000,131,3,8,38.660,0.322,1.244,0.804,0.884
110,0.080,864.842,378,378,1573,0.995,1.000,0.416,69.425,16432,132,3,8,38.660,0.322,1.244,0.804,0.884
111,0.097,778.913,402,402,1385,1.087,1.000,0.436,75.691,17915,133,4,9,63.435,0.325,1.241,0.806,0.885
112,0.085,1000.600,395,395,1932,0.995,1.000,0.379,84.551,20012,134,3,4,149.036,0.325,1.083,0.923,0.889
113,0.089,862.143,430,430,1448,1.049,1.000,0.416,76.494,18105,135,3,8,38.660,0.322,1.272,0.786,0.857
114,0.089,899.905,409,409,1485,1.049,1.000,0.416,79.844,18898,136,3,8,38.660,0.322,1.272,0.786,0.857
115,0.089,837.810,402,402,1484,1.049,1.000,0.436,74.335,17594,137,4,9,63.435,0.322,1.318,0.759,0.857
116,0.089,827.381,391,391,1401,1.049,1.000,0.416,73.409,17375,138,3,8,38.660,0.322,1.272,0.786,0.857
117,0.089,833.238,388,388,1340,1.049,1.000,0.416,73.929,17498,139,3,8,38.660,0.322,1.272,0.786,0.857
118,0.085,1032.350,475,475,1886,1.049,0.965,0.411,87.234,20647,140,5,9,71.565,0.322,1.203,0.831,0.851
119,0.097,826.609,1355,412,1414,1.087,1.000,0.436,80.326,19012,141,4,9,63.435,0.325,1.241,0.806,0.885
120,0.085,839.600,376,376,1388,1.033,0.994,0.416,70.946,16792,142,3,8,38.660,0.325,1.165,0.858,0.889
121,0.101,855.042,413,413,1384,1.087,1.000,0.436,86.701,20521,143,4,9,63.435,0.325,1.222,0.818,0.906
122,0.093,848.000,601,410,1243,1.033,1.000,0.416,78.822,18656,144,3,8,38.660,0.325,1.101,0.908,0.936
123,0.106,926.760,379,379,1809,1.125,1.000,0.469,97.889,23169,145,4,9,56.310,0.325,1.312,0.762,0.926
124,0.097,863.217,387,387,1791,1.087,1.000,0.436,83.883,19854,146,4,9,63.435,0.325,1.241,0.806,0.885
125,0.097,906.348,408,408,1602,1.087,1.000,0.436,88.074,20846,147,4,9,63.435,0.325,1.241,0.806,0.885
126,0.101,895.542,677,400,1528,1.125,1.000,0.460,90.808,21493,148,3,8,45.000,0.325,1.236,0.809,0.906
127,0.093,859.318,379,379,1493,1.087,0.988,0.416,79.874,18905,149,3,8,38.660,0.325,1.156,0.865,0.863
128,0.089,854.762,399,399,1546,1.033,1.000,0.416,75.839,17950,150,3,8,38.660,0.325,1.062,0.942,0.913
129,0.097,891.913,384,384,1402,1.087,1.000,0.436,86.672,20514,151,4,9,63.435,0.325,1.182,0.846,0.885
130,0.101,1053.000,385,385,2324,1.087,1.000,0.436,106.774,25272,152,4,9,63.435,0.325,1.222,0.818,0.906
131,0.101,860.208,389,389,1576,1.141,0.978,0.436,87.225,20645,153,4,9,63.435,0.368,1.155,0.866,0.842
132,0.106,1004.360,385,385,1856,1.125,1.000,0.436,106.086,25109,154,4,9,63.435,0.325,1.147,0.872,0.909
133,0.101,829.667,400,400,1423,1.087,1.000,0.436,84.128,19912,155,4,9,63.435,0.325,1.222,0.818,0.906
134,0.093,907.227,386,386,1663,1.087,0.988,0.416,84.327,19959,156,4,9,51.340,0.325,1.149,0.870,0.863
135,0.106,765.840,1161,378,1400,1.125,1.000,0.436,80.892,19146,157,4,9,63.435,0.325,1.147,0.872,0.909
136,0.106,788.840,394,394,1174,1.125,1.000,0.436,83.321,19721,158,4,3,116.565,0.325,1.230,0.813,0.909
137,0.089,933.429,418,418,1717,1.033,1.000,0.416,82.818,19602,159,3,8,38.660,0.325,1.147,0.872,0.933
138,0.101,1043.458,440,440,1742,1.087,1.000,0.436,105.807,25043,160,4,9,63.435,0.325,1.222,0.818,0.906
139,0.093,875.773,415,415,1373,1.033,1.000,0.416,81.403,19267,161,3,8,38.660,0.325,1.101,0.908,0.936
140,0.089,799.714,388,388,1444,0.995,1.000,0.379,70.955,16794,162,4,4,120.964,0.325,1.000,1.000,0.913
141,0.097,908.261,391,391,1750,1.103,1.000,0.411,88.260,20890,163,3,5,161.565,0.368,1.079,0.927,0.836
142,0.110,871.192,377,377,1402,1.141,1.000,0.436,95.700,22651,164,3,8,26.565,0.368,1.131,0.884,0.881
143,0.097,890.609,415,415,1890,1.087,1.000,0.416,86.545,20484,165,3,8,38.660,0.325,1.149,0.871,0.885
144,0.101,845.167,381,381,1544,1.087,1.000,0.436,85.700,20284,166,4,9,63.435,0.325,1.222,0.818,0.906
145,0.097,883.217,381,381,1683,1.087,1.000,0.416,85.827,20314,167,3,8,38.660,0.325,1.149,0.871,0.885
146,0.097,926.826,395,395,1482,1.087,1.000,0.416,90.064,21317,168,3,8,38.660,0.325,1.149,0.871,0.885
147,0.093,951.727,1227,401,1946,1.049,1.000,0.411,88.463,20938,169,5,3,108.435,0.325,1.176,0.850,0.880
148,0.101,864.708,433,433,1627,1.087,1.000,0.436,87.681,20753,170,4,9,63.435,0.325,1.222,0.818,0.906
149,0.110,948.385,658,404,1910,1.141,1.000,0.436,104.180,24658,171,3,8,26.565,0.368,1.131,0.884,0.881
150,0.101,877.542,407,407,1479,1.087,1.000,0.436,88.983,21061,172,4,9,63.435,0.325,1.222,0.818,0.906
151,0.101,919.500,427,427,1469,1.087,1.000,0.436,93.237,22068,173,4,9,63.435,0.325,1.222,0.818,0.906
152,0.110,866.154,1158,374,1308,1.141,1.000,0.436,95.147,22520,174,3,8,26.565,0.368,1.131,0.884,0.881
153,0.106,899.640,434,398,1455,1.141,1.000,0.436,95.024,22491,175,4,9,63.435,0.368,1.126,0.888,0.862
154,0.101,958.875,494,494,1720,1.087,1.000,0.436,97.230,23013,176,4,9,63.435,0.325,1.222,0.818,0.906
155,0.110,939.538,383,383,1645,1.141,1.000,0.436,103.208,24428,177,3,8,26.565,0.368,1.131,0.884,0.881
156,0.106,901.800,395,395,1348,1.125,1.000,0.469,95.253,22545,178,4,9,56.310,0.325,1.312,0.762,0.926
157,0.110,917.115,416,416,1638,1.163,1.000,0.469,100.745,23845,179,4,9,56.310,0.325,1.242,0.805,0.945
158,0.110,875.346,377,377,1417,1.141,1.000,0.436,96.157,22759,180,3,8,26.565,0.368,1.131,0.884,0.881
159,0.106,899.280,403,403,1483,1.141,1.000,0.436,94.986,22482,181,3,8,26.565,0.368,1.181,0.846,0.862
160,0.101,947.750,541,505,1492,1.087,1.000,0.436,96.102,22746,182,4,9,63.435,0.325,1.222,0.818,0.906
161,0.106,880.280,375,375,1428,1.141,1.000,0.436,92.980,22007,183,3,8,26.565,0.368,1.082,0.925,0.862
162,0.101,877.500,442,442,1778,1.087,1.000,0.436,88.978,21060,184,4,9,63.435,0.325,1.222,0.818,0.906
163,0.101,873.917,397,397,1591,1.141,0.978,0.436,88.615,20974,185,4,9,63.435,0.368,1.110,0.901,0.842
164,0.089,820.667,420,420,1442,1.033,1.000,0.416,72.814,17234,186,4,9,51.340,0.325,1.062,0.942,0.913
165,0.110,910.346,402,402,1352,1.179,0.993,0.436,100.002,23669,187,5,3,116.565,0.390,1.087,0.920,0.867
166,0.106,885.280,526,396,1627,1.141,1.000,0.436,93.508,22132,188,4,9,63.435,0.368,1.082,0.925,0.862
167,0.110,927.615,392,392,1962,1.141,1.000,0.436,101.899,24118,189,3,8,26.565,0.368,1.131,0.884,0.881
168,0.114,908.259,417,417,1569,1.179,1.000,0.436,103.610,24523,190,5,3,116.565,0.390,1.059,0.945,0.885
169,0.106,963.320,424,424,1876,1.141,1.000,0.436,101.751,24083,191,3,8,26.565,0.368,1.181,0.846,0.862
170,0.110,898.538,511,413,1548,1.141,1.000,0.436,98.704,23362,192,3,8,26.565,0.368,1.131,0.884,0.881
171,0.118,841.250,514,404,1546,1.179,1.000,0.469,99.520,23555,193,3,8,33.690,0.368,1.263,0.792,0.903
172,0.114,867.889,381,381,1571,1.179,1.000,0.469,99.004,23433,194,4,9,56.310,0.368,1.207,0.829,0.885
173,0.114,921.630,398,398,1803,1.179,1.000,0.469,105.135,24884,195,4,9,56.310,0.368,1.207,0.829,0.885
174,0.110,965.115,418,418,1746,1.141,1.000,0.436,106.018,25093,196,3,8,26.565,0.368,1.131,0.884,0.881
175,0.114,842.630,622,378,1412,1.179,1.000,0.469,96.123,22751,197,3,8,33.690,0.368,1.207,0.829,0.885
176,0.110,921.654,454,454,1632,1.141,1.000,0.436,101.244,23963,198,3,8,26.565,0.368,1.131,0.884,0.881
177,0.110,870.077,460,380,1579,1.179,0.993,0.469,95.578,22622,199,3,8,33.690,0.368,1.372,0.729,0.867
178,0.114,873.259,375,375,1523,1.179,1.000,0.469,99.617,23578,200,3,8,33.690,0.390,1.175,0.851,0.871
179,0.106,893.880,377,377,1693,1.125,1.000,0.436,94.416,22347,201,3,8,26.565,0.325,1.147,0.872,0.909
180,0.114,919.667,400,400,1572,1.179,1.000,0.436,104.911,24831,202,3,5,153.435,0.390,1.092,0.916,0.885
181,0.114,909.593,390,390,1848,1.179,1.000,0.469,103.762,24559,203,3,8,33.690,0.390,1.156,0.865,0.871
182,0.118,879.107,404,404,1733,1.271,0.920,0.473,103.998,24615,204,3,7,15.945,0.390,1.173,0.853,0.836
183,0.118,880.929,374,374,1772,1.179,1.000,0.469,104.214,24666,205,3,8,33.690,0.390,1.144,0.874,0.889
184,0.123,853.621,378,378,1540,1.271,0.953,0.473,104.590,24755,206,3,7,15.945,0.390,1.171,0.854,0.853
185,0.110,923.885,380,380,1640,1.163,1.000,0.469,101.489,24021,207,3,8,33.690,0.325,1.203,0.831,0.929
186,0.118,934.643,878,377,1678,1.233,0.978,0.473,110.568,26170,208,3,7,15.945,0.390,1.127,0.888,0.848
187,0.106,976.080,401,401,1772,1.125,1.000,0.469,103.098,24402,209,4,9,33.690,0.325,1.293,0.773,0.926
188,0.110,968.385,584,376,1783,1.179,0.993,0.469,106.377,25178,210,4,9,33.690,0.368,1.270,0.787,0.881
189,0.114,988.222,400,400,1657,1.179,1.000,0.469,112.731,26682,211,4,9,33.690,0.368,1.223,0.818,0.900
190,0.114,881.667,399,399,1666,1.202,0.993,0.508,100.576,23805,212,4,9,39.806,0.325,1.346,0.743,0.947
191,0.114,912.444,1166,379,1661,1.202,0.993,0.508,104.087,24636,213,4,9,39.806,0.325,1.346,0.743,0.947
192,0.127,964.033,391,391,1655,1.255,1.000,0.508,122.191,28921,214,4,9,39.806,0.390,1.243,0.805,0.923
193,0.110,924.385,450,450,1647,1.163,1.000,0.469,101.544,24034,215,4,9,33.690,0.325,1.274,0.785,0.929
194,0.123,898.759,396,396,1768,1.233,1.000,0.473,110.120,26064,216,6,10,74.055,0.390,1.122,0.892,0.853
195,0.127,883.367,385,385,1651,1.233,1.000,0.473,111.967,26501,217,6,10,74.055,0.390,1.093,0.915,0.870
196,0.114,878.185,386,386,1917,1.163,1.000,0.469,100.179,23711,218,4,8,33.690,0.325,1.210,0.826,0.947
197,0.118,965.214,383,383,1479,1.217,1.000,0.469,114.185,27026,219,4,9,33.690,0.390,1.144,0.874,0.889
198,0.123,935.966,377,377,1418,1.255,0.977,0.508,114.679,27143,220,4,9,39.806,0.390,1.216,0.823,0.906
199,0.127,1147.933,407,407,1806,1.255,1.000,0.508,145.501,34438,221,4,9,39.806,0.390,1.243,0.805,0.923
200,0.123,947.241,382,382,1564,1.179,1.000,0.469,116.061,27470,222,4,8,33.690,0.390,1.076,0.929,0.906
201,0.127,967.300,378,378,1683,1.271,0.986,0.508,122.605,29019,223,4,9,39.806,0.390,1.258,0.795,0.870
202,0.114,942.148,419,419,1796,1.233,0.943,0.473,107.476,25438,224,4,8,15.945,0.368,1.256,0.796,0.844
203,0.123,897.586,387,387,1569,1.271,0.953,0.473,109.977,26030,225,4,5,164.055,0.390,1.211,0.826,0.866
204,0.110,908.462,526,396,1859,1.125,1.000,0.436,99.794,23620,226,4,5,153.435,0.325,1.184,0.845,0.929
205,0.123,926.241,781,375,1462,1.271,0.953,0.473,113.488,26861,227,4,5,164.055,0.390,1.211,0.826,0.866
206,0.110,962.077,403,403,1911,1.163,1.000,0.469,105.684,25014,228,4,8,33.690,0.325,1.203,0.831,0.929
207,0.118,916.643,377,377,1457,1.271,0.920,0.473,108.439,25666,229,4,5,164.055,0.378,1.274,0.785,0.848
208,0.114,901.556,403,403,1559,1.163,1.000,0.469,102.845,24342,230,4,8,33.690,0.325,1.210,0.826,0.947
209,0.127,853.767,1192,386,1477,1.255,1.000,0.495,108.215,25613,231,4,5,156.801,0.325,1.405,0.712,0.923
210,0.123,887.621,400,400,1782,1.217,1.000,0.495,108.756,25741,232,4,8,23.199,0.325,1.373,0.728,0.921
211,0.123,847.897,459,393,1653,1.217,1.000,0.495,103.889,24589,233,4,8,23.199,0.325,1.373,0.728,0.921
212,0.123,922.897,1428,390,1604,1.217,1.000,0.495,113.078,26764,234,4,8,23.199,0.325,1.373,0.728,0.921
213,0.114,1060.296,391,391,1711,1.163,1.000,0.469,120.953,28628,235,4,8,33.690,0.325,1.210,0.826,0.947
214,0.123,871.379,476,385,1457,1.255,0.977,0.495,106.766,25270,236,4,5,156.801,0.325,1.343,0.745,0.906
215,0.118,888.607,378,378,1395,1.217,1.000,0.495,105.122,24881,237,4,8,23.199,0.325,1.436,0.696,0.903
216,0.114,931.852,422,422,1520,1.217,0.967,0.473,106.301,25160,238,4,6,164.055,0.325,1.315,0.760,0.885
217,0.123,858.103,778,413,1484,1.271,0.953,0.495,105.139,24885,239,4,7,23.199,0.368,1.287,0.777,0.879
218,0.123,907.103,412,412,1534,1.233,1.000,0.473,111.143,26306,240,4,7,15.945,0.390,1.060,0.943,0.866
219,0.123,854.345,542,377,1314,1.233,1.000,0.473,104.679,24776,241,4,5,164.055,0.390,1.175,0.851,0.866
220,0.123,907.517,378,378,1847,1.255,0.977,0.469,111.194,26318,242,5,4,146.310,0.390,1.175,0.851,0.892
221,0.123,885.586,382,382,1418,1.217,1.000,0.469,108.506,25682,243,5,8,33.690,0.390,1.076,0.929,0.906
222,0.118,867.893,381,381,1559,1.179,1.000,0.469,102.672,24301,244,5,8,33.690,0.390,1.122,0.892,0.889
223,0.118,846.536,400,400,1280,1.179,1.000,0.469,100.145,23703,245,5,8,33.690,0.368,1.263,0.792,0.903
224,0.127,846.900,378,378,1378,1.271,0.986,0.495,107.345,25407,246,4,7,23.199,0.390,1.151,0.869,0.870
225,0.114,946.593,956,440,1586,1.163,1.000,0.469,107.983,25558,247,5,8,33.690,0.325,1.210,0.826,0.947
226,0.114,939.037,430,430,1528,1.163,1.000,0.469,107.121,25354,248,5,7,33.690,0.325,1.210,0.826,0.947
227,0.110,908.423,396,396,1664,1.163,1.000,0.508,99.790,23619,249,5,8,39.806,0.325,1.392,0.719,0.945
228,0.114,910.037,1016,386,1415,1.202,0.993,0.508,103.812,24571,250,5,8,39.806,0.325,1.288,0.777,0.947
229,0.114,865.000,417,417,1388,1.163,1.000,0.469,98.675,23355,251,5,8,33.690,0.325,1.210,0.826,0.947
230,0.114,878.111,414,414,1419,1.163,1.000,0.469,100.171,23709,252,5,8,33.690,0.325,1.210,0.826,0.947
231,0.118,871.464,405,405,1339,1.217,1.000,0.469,103.094,24401,253,5,8,33.690,0.390,1.144,0.874,0.889
232,0.118,850.893,406,406,1363,1.217,1.000,0.469,100.661,23825,254,5,8,33.690,0.390,1.199,0.834,0.889
233,0.118,862.214,387,387,1511,1.217,1.000,0.469,102.000,24142,255,5,8,33.690,0.390,1.144,0.874,0.889
234,0.123,838.552,384,384,1462,1.217,1.000,0.469,102.744,24318,256,5,8,33.690,0.390,1.161,0.861,0.906
235,0.127,832.500,389,389,1381,1.271,0.986,0.495,105.519,24975,257,4,7,23.199,0.378,1.320,0.758,0.870
236,0.106,895.600,374,374,1455,1.141,1.000,0.436,94.598,22390,258,5,8,26.565,0.368,1.181,0.846,0.862
237,0.110,891.346,401,401,1440,1.125,1.000,0.436,97.914,23175,259,5,5,153.435,0.325,1.184,0.845,0.929
238,0.101,905.583,456,456,1618,1.125,1.000,0.436,91.826,21734,260,5,5,153.435,0.325,1.299,0.770,0.889
239,0.110,838.308,387,387,1426,1.179,0.993,0.436,92.088,21796,261,5,5,153.435,0.378,1.149,0.870,0.867
240,0.106,858.400,397,397,1354,1.125,1.000,0.436,90.668,21460,262,5,8,26.565,0.325,1.147,0.872,0.909
241,0.110,841.769,1072,396,1325,1.125,1.000,0.436,92.468,21886,263,5,5,153.435,0.325,1.184,0.845,0.929
242,0.110,839.308,392,392,1332,1.179,0.993,0.436,92.198,21822,264,5,5,153.435,0.378,1.149,0.870,0.867
243,0.114,879.926,385,385,1404,1.163,1.000,0.469,100.378,23758,265,5,8,33.690,0.325,1.210,0.826,0.947
244,0.110,854.000,570,474,1243,1.125,1.000,0.436,93.812,22204,266,5,5,153.435,0.325,1.184,0.845,0.929
245,0.110,827.769,399,399,1561,1.125,1.000,0.436,90.930,21522,267,5,5,153.435,0.325,1.184,0.845,0.929
246,0.106,964.760,431,431,1526,1.125,1.000,0.436,101.903,24119,268,5,5,153.435,0.325,1.230,0.813,0.909
247,0.101,971.792,381,381,1649,1.103,1.000,0.411,98.540,23323,269,7,4,108.435,0.368,1.000,1.000,0.857
248,0.101,923.708,402,402,1458,1.125,1.000,0.469,93.664,22169,270,5,9,33.690,0.325,1.306,0.765,0.906
249,0.118,901.179,848,375,1469,1.233,0.978,0.495,106.609,25233,271,5,9,23.199,0.378,1.364,0.733,0.836
250,0.110,845.000,407,407,1237,1.179,0.993,0.469,92.823,21970,272,5,9,33.690,0.378,1.207,0.828,0.852
251,0.114,836.704,1065,402,1326,1.179,1.000,0.436,95.447,22591,273,5,5,153.435,0.390,1.073,0.932,0.885
252,0.106,891.840,450,450,1572,1.125,1.000,0.436,94.201,22296,274,5,5,153.435,0.325,1.230,0.813,0.909
253,0.110,867.654,414,414,1420,1.125,1.000,0.436,95.312,22559,275,5,5,153.435,0.325,1.184,0.845,0.929
254,0.101,879.583,379,379,1444,1.087,1.000,0.436,89.190,21110,276,5,5,153.435,0.325,1.222,0.818,0.906
255,0.106,820.600,436,436,1430,1.125,1.000,0.436,86.676,20515,277,5,5,153.435,0.325,1.230,0.813,0.909
256,0.110,888.538,455,455,1545,1.125,1.000,0.436,97.606,23102,278,5,5,153.435,0.325,1.184,0.845,0.929
257,0.110,888.654,406,406,1339,1.125,1.000,0.436,97.619,23105,279,5,5,153.435,0.325,1.184,0.845,0.929
258,0.101,932.875,487,487,1452,1.087,1.000,0.436,94.594,22389,280,5,8,26.565,0.325,1.222,0.818,0.906
259,0.110,905.308,376,376,1659,1.179,0.993,0.436,99.448,23538,281,5,5,153.435,0.378,1.149,0.870,0.867
260,0.101,869.250,389,389,1677,1.125,1.000,0.436,88.142,20862,282,5,5,153.435,0.325,1.299,0.770,0.889
261,0.106,848.720,428,428,1557,1.125,1.000,0.436,89.646,21218,283,5,5,153.435,0.325,1.230,0.813,0.909
262,0.097,838.826,397,397,1612,1.087,1.000,0.469,81.513,19293,284,5,8,33.690,0.325,1.422,0.703,0.885
263,0.106,788.240,1035,377,1389,1.125,1.000,0.436,83.258,19706,285,5,5,153.435,0.325,1.230,0.813,0.909
264,0.106,797.640,423,423,1255,1.179,0.954,0.473,84.251,19941,286,5,6,164.055,0.325,1.456,0.687,0.862
265,0.101,858.875,378,378,1425,1.141,0.978,0.436,87.090,20613,287,6,9,26.565,0.378,1.111,0.900,0.828
266,0.106,886.320,1215,398,1459,1.179,0.954,0.473,93.618,22158,288,5,6,164.055,0.325,1.332,0.751,0.862
267,0.110,785.808,932,385,1272,1.163,1.000,0.469,86.321,20431,289,6,5,146.310,0.325,1.224,0.817,0.929
268,0.106,808.640,375,375,1329,1.179,0.954,0.473,85.413,20216,290,5,7,164.055,0.325,1.284,0.779,0.862
269,0.106,796.280,379,379,1406,1.179,0.954,0.473,84.107,19907,291,5,7,164.055,0.325,1.313,0.761,0.877
270,0.110,798.077,394,394,1431,1.179,0.993,0.473,87.669,20750,292,5,7,164.055,0.325,1.386,0.722,0.867
271,0.101,828.792,450,450,1209,1.125,1.000,0.436,84.039,19891,293,6,6,153.435,0.325,1.232,0.812,0.906
272,0.106,766.200,1031,384,1220,1.163,0.981,0.495,80.930,19155,294,6,7,156.801,0.260,1.706,0.586,0.943
273,0.106,816.920,374,374,1248,1.179,0.954,0.460,86.287,20423,295,6,9,171.870,0.325,1.195,0.837,0.862
274,0.110,798.846,553,414,1294,1.217,0.932,0.495,87.753,20770,296,6,7,156.801,0.325,1.552,0.644,0.881
275,0.101,762.708,375,375,1158,1.125,1.000,0.469,77.339,18305,297,6,7,146.310,0.325,1.306,0.765,0.906
276,0.101,784.708,409,409,1276,1.125,1.000,0.469,79.569,18833,298,6,7,146.310,0.325,1.306,0.765,0.906
277,0.110,748.808,401,393,1088,1.125,1.000,0.436,82.257,19469,299,6,8,153.435,0.325,1.184,0.845,0.929
278,0.093,775.182,423,423,1172,1.049,1.000,0.411,72.053,17054,300,6,8,161.565,0.325,1.176,0.850,0.880
279,0.106,870.720,579,375,1524,1.125,1.000,0.436,91.970,21768,301,6,7,153.435,0.325,1.177,0.849,0.926
280,0.101,776.750,402,402,1153,1.125,1.000,0.436,78.762,18642,302,6,7,153.435,0.325,1.232,0.812,0.906
281,0.097,846.087,424,424,1485,1.049,1.000,0.436,82.219,19460,303,6,8,153.435,0.325,1.314,0.761,0.885
282,0.106,768.840,387,387,1357,1.125,1.000,0.469,81.209,19221,304,6,7,146.310,0.325,1.293,0.773,0.926
283,0.076,728.000,455,455,1106,0.995,0.965,0.411,55.364,13104,305,6,9,161.565,0.260,1.416,0.706,0.878
284,0.097,654.391,384,384,1107,1.049,1.000,0.436,63.590,15051,306,6,8,153.435,0.325,1.314,0.761,0.885
285,0.089,635.048,393,393,1109,1.049,1.000,0.436,56.345,13336,307,6,8,153.435,0.322,1.318,0.759,0.857
286,0.093,619.591,480,380,1139,1.087,0.988,0.416,57.591,13631,308,7,12,38.660,0.325,1.216,0.822,0.863
287,0.089,564.476,378,378,918,1.049,1.000,0.436,50.083,11854,309,6,8,153.435,0.322,1.318,0.759,0.857
288,0.080,625.105,405,405,951,0.995,1.000,0.436,50.180,11877.000,310,6,8,153.435,0.260,1.548,0.646,0.905
289,0.093,589.682,399,399,767,1.049,1.000,0.411,54.811,12973.000,311,6,8,161.565,0.325,1.176,0.850,0.880
290,0.097,541.348,620,387,673,1.087,1.000,0.436,52.605,12451,312,6,8,153.435,0.325,1.235,0.809,0.885
291,0.093,613.818,742,375,886,1.049,1.000,0.416,57.054,13504.000,313,7,7,128.660,0.325,1.216,0.822,0.863
292,0.085,629.950,376,376,899,0.995,1.000,0.416,53.231,12599,314,8,7,128.660,0.322,1.282,0.780,0.909
293,0.097,628.652,742,384,886,1.087,1.000,0.436,61.089,14459,315,6,8,153.435,0.325,1.216,0.822,0.868
294,0.101,652.917,375,375,1044,1.125,1.000,0.436,66.206,15670,316,6,8,153.435,0.325,1.163,0.860,0.889
295,0.089,640.381,532,375,992,1.049,1.000,0.411,56.818,13448,317,6,8,161.565,0.325,1.096,0.913,0.857
296,0.085,655.250,765,379,1008,0.995,1.000,0.416,55.369,13105,318,6,7,141.340,0.325,1.165,0.858,0.889
297,0.072,758.235,602,389,1360,0.903,1.000,0.379,54.460,12890,319,6,10,30.964,0.260,1.263,0.792,0.919
298,0.093,647.273,683,385,963,1.049,1.000,0.436,60.164,14240,320,6,7,153.435,0.325,1.345,0.744,0.863
299,0.093,672.455,375,375,891,1.033,1.000,0.416,62.505,14794,321,7,6,128.660,0.325,1.101,0.908,0.936
300,0.085,619.600,382,382,992,0.995,1.000,0.411,52.356,12392,322,6,8,161.565,0.260,1.435,0.697,0.909
301,0.080,685.842,377,377,1153,0.995,1.000,0.411,55.056,13031,323,6,7,161.565,0.260,1.343,0.744,0.884
302,0.089,603.905,457,385,884,1.049,1.000,0.411,53.581,12682,324,6,8,161.565,0.325,1.221,0.819,0.857
303,0.085,664.900,375,375,1118,1.033,0.994,0.436,56.184,13298,325,6,10,26.565,0.260,1.429,0.700,0.909
304,0.063,616.733,616,393,846,0.865,1.000,0.379,39.085,9251,326,7,6,149.036,0.260,1.392,0.718,0.882
305,0.042,547.500,436,436,676,0.720,1.000,0.291,23.132,5475,327,7,7,153.435,0.195,1.236,0.809,0.909
306,0.055,482.923,384,384,603,0.827,1.000,0.350,26.525,6278,328,7,7,158.199,0.260,1.416,0.706,0.812
307,0.063,551.600,530,388,731,0.850,1.000,0.368,34.958,8274,329,7,6,135.000,0.260,1.137,0.880,0.968
308,0.063,615.067,397,397,848,0.865,1.000,0.350,38.980,9226,330,8,11,68.199,0.260,1.127,0.887,0.857
309,0.085,588.600,403,403,791,0.995,1.000,0.379,49.737,11772,331,7,6,120.964,0.325,1.038,0.963,0.909
310,0.068,579.812,388,388,778,0.903,1.000,0.379,39.195,9277,332,6,10,30.964,0.260,1.392,0.718,0.889
311,0.072,582.118,378,378,876,0.957,0.985,0.379,41.811,9896,333,6,7,149.036,0.320,1.272,0.786,0.810
312,0.076,625.333,419,419,880,0.957,1.000,0.379,47.557,11256,334,7,6,120.964,0.320,1.220,0.819,0.857
313,0.089,606.667,384,384,1110,1.049,1.000,0.436,53.826,12740,335,6,10,26.565,0.325,1.322,0.756,0.840
314,0.072,680.471,417,417,1035,0.903,1.000,0.379,48.875,11568,336,6,6,149.036,0.260,1.263,0.792,0.919
315,0.076,591.389,379,379,832,0.957,1.000,0.379,44.975,10645,337,6,9,30.964,0.325,1.088,0.919,0.837
316,0.059,759.357,404,404,1338,0.827,1.000,0.350,44.916,10631,338,6,7,158.199,0.260,1.264,0.791,0.848
317,0.063,673.400,395,395,961,0.957,0.869,0.350,42.677,10101,339,6,7,158.199,0.320,1.151,0.869,0.789
318,0.063,756.733,374,374,1469,0.957,0.869,0.350,47.958,11351,340,7,6,111.801,0.291,1.184,0.845,0.789
319,0.063,716.200,374,374,1362,0.865,1.000,0.350,45.389,10743,341,7,6,111.801,0.260,1.127,0.887,0.857
320,0.072,753.118,387,387,1279,0.957,0.985,0.379,54.093,12803,342,6,7,149.036,0.320,1.186,0.843,0.829
321,0.072,700.765,379,379,1039,0.995,0.911,0.411,50.332,11913,343,5,8,161.565,0.260,1.454,0.688,0.850
322,0.059,828.357,429,429,1460,0.903,0.911,0.350,48.997,11597,344,5,8,158.199,0.260,1.332,0.751,0.848
323,0.063,764.000,383,383,1267,0.957,0.869,0.395,48.419,11460,345,5,8,170.538,0.260,1.499,0.667,0.811
324,0.068,685.188,375,375,1145,0.903,1.000,0.379,46.319,10963,346,6,7,149.036,0.260,1.314,0.761,0.914
325,0.059,745.714,483,479,1150,0.812,1.000,0.325,44.109,10440,347,6,7,126.870,0.260,1.020,0.981,0.933
326,0.063,752.333,376,376,1343,0.865,1.000,0.379,47.679,11285,348,7,6,120.964,0.260,1.435,0.697,0.882
327,0.059,730.571,763,410,1264,0.903,0.911,0.350,43.213,10228,349,6,7,158.199,0.260,1.332,0.751,0.848
328,0.059,664.357,391,391,890,0.903,0.911,0.350,39.297,9301,350,5,8,158.199,0.260,1.332,0.751,0.848
329,0.055,576.077,437,437,726,0.773,1.000,0.325,31.641,7489,351,6,9,36.870,0.260,1.159,0.863,0.897
330,0.051,579.500,380,380,806,0.773,1.000,0.325,29.381,6954,352,6,10,36.870,0.260,1.135,0.881,0.857
331,0.055,595.231,389,389,860,0.773,1.000,0.325,32.693,7738.000,353,6,10,36.870,0.260,1.159,0.863,0.897
332,0.042,595.300,397,397,815,0.682,1.000,0.291,25.151,5953,354,7,7,153.435,0.195,1.236,0.809,0.909
333,0.034,473.375,382,382,574,0.628,1.000,0.291,16.000,3787,355,7,7,153.435,0.130,2.000,0.500,1.000
334,0.034,670.125,502,502,966,0.590,1.000,0.276,22.650,5361,356,7,9,45.000,0.195,1.229,0.814,0.941
335,0.034,527.000,443,443,661,0.590,1.000,0.276,17.813,4216,357,7,9,45.000,0.195,1.229,0.814,0.941
336,0.042,517.900,395,395,681,0.682,1.000,0.325,21.881,5179,358,7,9,36.870,0.195,1.551,0.645,0.909
337,0.038,449.444,376,376,524,0.643,1.000,0.291,17.090,4045,359,7,6,153.435,0.195,1.340,0.746,0.857
338,0.030,518.286,377,377,711,0.590,1.000,0.234,15.328,3628.000,360,7,7,123.690,0.195,1.069,0.936,0.875
339,0.055,514.538,381,381,669,0.773,1.000,0.325,28.261,6689,361,7,6,126.870,0.260,1.159,0.863,0.897
340,0.038,644.444,401,401,1029,0.643,1.000,0.291,24.505,5800,362,6,7,153.435,0.195,1.340,0.746,0.857
341,0.034,521.625,468,456,656,0.590,1.000,0.276,17.631,4173,363,7,6,135.000,0.195,1.229,0.814,0.941
342,0.034,564.125,722,411,722,0.590,1.000,0.276,19.067,4513,364,7,10,45.000,0.195,1.229,0.814,0.941
343,0.051,489.917,414,374,666,0.735,1.000,0.291,24.839,5879,365,7,6,116.565,0.260,1.000,1.000,0.857
344,0.042,486.100,379,379,682,0.735,0.982,0.291,20.538,4861,366,6,9,26.565,0.230,1.241,0.806,0.800
345,0.038,533.444,417,417,663,0.682,1.000,0.291,20.284,4801,367,6,6,153.435,0.195,1.343,0.745,0.857
346,0.051,522.250,375,375,749,0.773,1.000,0.325,26.478,6267,368,6,10,36.870,0.260,1.218,0.821,0.889
347,0.034,605.125,390,390,914,0.590,1.000,0.276,20.453,4841,369,6,6,135.000,0.195,1.229,0.814,0.941
348,0.038,484.000,424,424,577,0.682,1.000,0.291,18.404,4356,370,6,8,26.565,0.195,1.340,0.746,0.857
349,0.046,512.909,411,411,634,0.773,0.976,0.291,23.837,5642,371,6,6,116.565,0.260,1.035,0.966,0.846
350,0.030,457.857,399,399,542,0.590,1.000,0.234,13.541,3205,372,7,6,123.690,0.195,1.069,0.936,0.875
351,0.021,432.800,383,383,483,0.498,1.000,0.234,9.143,2164,373,7,9,56.310,0.130,1.553,0.644,0.909
352,0.017,473.500,429,429,532,0.368,1.000,0.184,8.002,1894,374,7,6,135.000,0.130,1.000,1.000,1.000
353,0.004,376.000,376,376,376,0.184,1.000,0.092,1.589,376,375,7,7,135.000,0.065,1.000,1.000,1.000
354,0.017,477.750,436,436,505,0.368,1.000,0.184,8.074,1911,376,7,7,135.000,0.130,1.000,1.000,1.000
355,0.034,478.375,382,382,623,0.590,1.000,0.276,16.169,3827,377,6,9,45.000,0.195,1.229,0.814,0.941
356,0.025,474.833,384,384,625,0.552,1.000,0.234,12.037,2849,378,6,8,33.690,0.184,1.291,0.775,0.800
357,0.025,411.333,377,377,474,0.552,1.000,0.234,10.427,2468,379,7,9,33.690,0.184,1.291,0.775,0.800
358,0.004,426.000,426,426,426,0.184,1.000,0.092,1.800,426,380,8,7,135.000,0.065,1.000,1.000,1.000
359,0.021,437.200,386,386,477,0.460,1.000,0.234,9.236,2186,381,7,6,146.310,0.130,1.553,0.644,0.909
360,0.004,387.000,387,387,387,0.184,1.000,0.092,1.635,387,383,8,7,135.000,0.065,1.000,1.000,1.000
361,0.017,417.000,374,374,477,0.460,1.000,0.234,7.047,1668,384,7,9,33.690,0.130,2.031,0.492,0.800
362,0.008,398.000,386,386,410,0.314,1.000,0.145,3.363,796,385,7,8,116.565,0.065,2.000,0.500,1.000
363,0.042,499.100,427,427,597,0.682,1.000,0.291,21.087,4991,386,6,7,153.435,0.195,1.236,0.809,0.909
364,0.034,439.500,379,379,527,0.590,1.000,0.276,14.855,3516,387,6,10,45.000,0.195,1.229,0.814,0.941
365,0.046,513.818,420,387,698,0.735,1.000,0.291,23.880,5652.000,388,7,7,116.565,0.260,1.139,0.878,0.815
366,0.034,524.375,382,382,743,0.590,1.000,0.276,17.724,4195,389,6,10,45.000,0.195,1.229,0.814,0.941
367,0.034,518.625,404,404,643,0.590,1.000,0.276,17.530,4149,390,6,7,135.000,0.195,1.229,0.814,0.941
368,0.042,487.700,374,374,621,0.682,1.000,0.291,20.605,4877,391,6,7,153.435,0.195,1.236,0.809,0.909
369,0.034,518.250,469,431,676,0.590,1.000,0.276,17.517,4146,392,6,10,45.000,0.195,1.229,0.814,0.941
370,0.034,626.375,422,422,833,0.682,0.914,0.291,21.171,5011,393,6,6,116.565,0.195,1.435,0.697,0.842
371,0.038,552.444,376,376,713,0.682,1.000,0.291,21.007,4972,394,6,6,116.565,0.195,1.536,0.651,0.857
372,0.038,646.000,417,417,972,0.628,1.000,0.276,24.564,5814,395,6,7,135.000,0.195,1.000,1.000,1.000
373,0.034,624.875,392,392,902,0.643,1.000,0.268,21.121,4999,396,5,8,165.964,0.195,1.195,0.837,0.800
374,0.046,541.727,377,377,792,0.735,1.000,0.291,25.177,5959,397,6,7,116.565,0.260,1.139,0.878,0.815
375,0.051,588.333,398,398,855,0.735,1.000,0.291,29.829,7060,398,6,7,116.565,0.260,1.000,1.000,0.857
376,0.038,556.889,414,414,739,0.682,1.000,0.291,21.176,5012,399,6,7,116.565,0.195,1.340,0.746,0.857
377,0.046,627.545,382,382,972,0.720,1.000,0.325,29.165,6903,400,6,11,53.130,0.195,1.372,0.729,0.957
378,0.030,591.000,437,437,841,0.552,1.000,0.234,17.479,4137,401,6,7,123.690,0.195,1.069,0.936,0.875
379,0.038,576.556,388,388,774,0.682,1.000,0.291,21.924,5189,402,6,7,116.565,0.195,1.340,0.746,0.857
380,0.030,644.143,481,481,899,0.552,1.000,0.234,19.051,4509,403,6,7,123.690,0.195,1.069,0.936,0.875
381,0.038,538.333,419,419,678,0.682,1.000,0.291,20.470,4845,404,6,7,116.565,0.195,1.340,0.746,0.857
382,0.034,531.875,379,379,717,0.682,0.914,0.291,17.977,4255,405,5,10,26.565,0.195,1.605,0.623,0.800
383,0.034,670.875,414,414,1030,0.682,0.914,0.268,22.676,5367,406,7,7,104.036,0.195,1.195,0.837,0.800
384,0.038,614.667,408,408,854,0.735,0.884,0.291,23.373,5532,407,5,10,26.565,0.230,1.390,0.720,0.750
385,0.042,593.000,379,379,886,0.682,1.000,0.291,25.054,5930,408,5,8,153.435,0.195,1.384,0.723,0.909
386,0.042,650.800,386,386,1069,0.682,1.000,0.291,27.496,6508,409,5,8,153.435,0.195,1.384,0.723,0.909
387,0.042,572.200,396,396,847,0.682,1.000,0.291,24.175,5722,410,5,8,153.435,0.195,1.384,0.723,0.909
388,0.034,598.000,393,393,858,0.590,1.000,0.276,20.212,4784,411,6,7,135.000,0.195,1.229,0.814,0.941
389,0.038,634.111,400,400,940,0.682,1.000,0.291,24.112,5707,412,5,8,153.435,0.195,1.340,0.746,0.857
390,0.038,523.222,386,386,752,0.682,1.000,0.291,19.896,4709,413,6,11,63.435,0.195,1.185,0.844,0.857
391,0.038,554.444,377,377,810,0.682,1.000,0.291,21.083,4990,414,6,7,116.565,0.195,1.340,0.746,0.857
392,0.034,504.625,511,385,623,0.682,0.914,0.268,17.056,4037,415,7,7,104.036,0.195,1.195,0.837,0.800
393,0.030,547.857,405,405,724,0.590,1.000,0.234,16.203,3835,416,7,7,123.690,0.195,1.069,0.936,0.875
394,0.030,515.857,398,398,707,0.590,1.000,0.234,15.256,3611,417,7,7,123.690,0.195,1.069,0.936,0.875
395,0.025,475.667,392,392,535,0.498,1.000,0.234,12.058,2854,418,6,8,146.310,0.130,1.500,0.667,1.000
396,0.030,498.143,446,414,645,0.590,1.000,0.234,14.733,3487,419,6,8,123.690,0.195,1.069,0.936,0.875
397,0.025,471.500,390,390,596,0.552,1.000,0.234,11.953,2829,420,6,8,123.690,0.184,1.291,0.775,0.800
398,0.038,493.778,377,377,588,0.682,1.000,0.291,18.776,4444,421,6,11,63.435,0.195,1.340,0.746,0.857
399,0.042,502.600,453,411,642,0.682,1.000,0.291,21.235,5026,422,6,7,116.565,0.195,1.327,0.753,0.909
400,0.038,528.556,387,387,778,0.682,1.000,0.291,20.098,4757,423,5,8,153.435,0.195,1.340,0.746,0.857
401,0.025,494.500,404,404,571,0.498,1.000,0.234,12.536,2967,424,6,8,146.310,0.130,1.500,0.667,1.000
402,0.021,441.600,384,384,521,0.552,0.873,0.206,9.329,2208,425,7,7,108.435,0.184,1.000,1.000,0.714
403,0.008,399.500,379,379,420,0.314,1.000,0.145,3.376,799,427,7,7,116.565,0.065,2.000,0.500,1.000
404,0.004,375.000,375,375,375,0.184,1.000,0.092,1.584,375,429,7,8,135.000,0.065,1.000,1.000,1.000
